model_name,antigen_binding_sites_AF3
MJ00D_0,"37,38,39,40,69,78,80,81,82,83,84,106,108,109,115,217,218,219"
MJ00D_100,"37,38,39,40,41,63,80,81,82,83,106,108,115,183,184,217,218,219"
MJ00D_105,"36,37,38,39,40,42,44,78,81,82,83,84,106,108,109,115,219"
MJ00D_107,"37,39,81,82,83,106,108,115,121,147,181,183,184,185,217,218,219"
MJ00D_111,"37,39,80,81,82,83,106,115,148,216,217,219"
MJ00D_114,"36,38,39,40,107,108,109,110,111,114,115,119,121,126,128"
MJ00D_122,"37,38,39,40,81,108,109"
MJ00D_124,"37,39,40,42,108,109"
MJ00D_131,"37,38,39,40,41,42,43,44,81,108,109"
MJ00D_133,"36,37,38,39,40,41,42,44,80,81,82,84,106,108,109,115"
MJ00D_134,"36,37,38,39,40,41,42,80,81,83,106,108,109,115"
MJ00D_135,"37,38,39,40,78,80,81,82,84,108,115,147,148,216,217,219"
MJ00D_137,"36,37,38,39,40,42,106,107,108,109"
MJ00D_142,"37,39,40,81,82,83,106,108,109,111,114,115,117,118,119,128,147,148,183,184,216,217"
MJ00D_145,"36,37,38,39,40,41,42,78,80,81,82,83,84,106,108,109"
MJ00D_147,"36,37,38,39,40,42,44,78,80,81,82,106,108,109,115,219"
MJ00D_152,"36,37,38,39,40,41,42,44,80,81,82,83,84,106,108,109,115,217,219"
MJ00D_154,"36,37,38,39,40,42,78,80,81,82,83,84,106,108,109"
MJ00D_164,"20,36,38,39,107,108,109,110,111,115,125,126"
MJ00D_167,"37,38,39,82,108,109,111,114,115,122,123,124,126,147,148,183,184,219"
MJ00D_172,"37,39,81,82,106,108,109,115,119,121,147,148,216,217,219"
MJ00D_173,"37,38,39,40,78,80,81,82,84,108,109,115,216,217,218,219"
MJ00D_177,"39,40,81,82,83,108,109,115,147,148,150,183,184,216,217,218,219"
MJ00D_180,"20,36,38,39,107,108,109,110,111,115,126"
MJ00D_184,"37,38,39,40,108,109"
MJ00D_188,"20,34,36,37,38,39,40,106,107,108,109,110,111,112,115,126,128"
MJ00D_194,"37,38,39,65,81,82,83,84,106,109,115,118,147,184,217,219"
MJ00D_20,"37,38,39,40,80,81,82,83,106,108,109,111,112,113,114,115,116,117,119,128,147,148,183,184,217,218"
MJ00D_200,"37,39,40,81,82,83,84,104,106,108,109,111,115,147,148,149,183,184,216,217,219"
MJ00D_202,"37,38,39,41,80,81,82,83,106,108,109,115,121,147,148,182,183,184,216,217,219"
MJ00D_210,"37,38,39,40,41,80,81,82,106,108,111,113,114,115,117,119,128,147,148,183,184,216,217,219"
MJ00D_226,"37,38,39,40,107,108,109,110,111,113,114,115,119,125,126,128"
MJ00D_236,"37,38,39,40,41,80,81,82,106,108,111,113,114,115,116,117,119,128,147,148,183,184,217,219"
MJ00D_240,"37,38,39,40,80,81,82,106,108,109,111,115,116,117,118,119,126,147,148,183,184,216,217,219"
MJ00D_247,"37,38,39,40,62,63,67,80,81,82,83,84,85,108,109,114,115,118,119,147,148,149,150,184,217,218,219"
MJ00D_252,"37,38,39,109,110,111,114,115,117,118,119,125,126,128"
MJ00D_264,"34,37,105,108,109,110,111,112,125,126,128,162,207,209,222,224,226"
MJ00D_268,"37,38,39,40,41,81,82,108,115,147,148,216,217,219"
MJ00D_269,"37,40,81,82,83,106,108,109,111,114,115,117,118,119,121,125,126,128,147,148,180,181,182,183,184,185,186,216,217"
MJ00D_277,"37,39,81,82,106,108,109,111,114,115,121,126,147,219"
MJ00D_279,"37,38,39,40,63,80,81,82,83,106,108,115,147,148,184,216,217,218,219"
MJ00D_28,"37,38,39,40,42,80,81,82,106,108,109,115,219"
MJ00D_285,"37,39,40,108,109,111,115,119,125,126"
MJ00D_286,"36,37,38,39,40,81,107,108,109,110,111"
MJ00D_291,"37,39,40,80,81,82,106,108,109,111,113,114,115,117,119,126,128,147,148,183,184,216,217,219,221"
MJ00D_295,"37,38,39,40,106,108,109,115,116,118,119,147,148,183,184,219"
MJ00D_297,"37,38,39,40,81,82,106,108,109,113,114,115,147,148,183,184,216,217,219"
MJ00D_299,"37,38,39,40,41,42,81,106,108,109"
MJ00D_316,"37,38,39,40,81,82,108,109,111,115,116,117,118,119,128,147,148,183,184,216,217,218,219"
MJ00D_317,"37,38,39,40,80,81,82,106,108,109,111,113,114,115,117,119,128,147,148,183,184,216,217,219"
MJ00D_319,"38,39,40,42,81,82,83,106,108,109,216,217,219"
MJ00D_32,"36,37,38,39,40,41,42,80,81,82,106,108,109"
MJ00D_332,"37,40,81,82,108,109,114,115,121,126,147,149,150,183,184,216,217,219"
MJ00D_338,"37,38,39,40,63,80,81,82,85,115,147,148,149,150,183,184,217,219"
MJ00D_350,"36,38,39,40,42,106,108,109,110,111,114,115,118,119,121,126,219"
MJ00D_352,"37,38,39,40,41,80,81,82,104,106,108,109,111,114,115,147,148,183,184,216,217,219"
MJ00D_359,"36,37,38,39,40,42,81,109,111,115"
MJ00D_361,"37,39,40,81,82,83,108,109,111,113,114,115,118,119,121,147,183,184,216,217,218,219"
MJ00D_363,"37,82,106,109,111,112,113,114,115,118,119,121,126,147,148,181,183,184,216,217,218,219"
MJ00D_37,"37,39,40,81,82,108,109,115,183,184,217,219"
MJ00D_371,"37,38,39,81,82,106,108,109,111,115,148,183,184,219"
MJ00D_374,"20,22,24,34,36,38,39,42,44,105,107,108,109,110,111,112,113,114,126,128,222,224"
MJ00D_387,"37,39,40,63,81,82,83,106,108,109,111,112,113,114,115,117,118,119,121,125,147,148,184,216,217,218,219"
MJ00D_389,"36,37,38,39,40,80,81,108,109"
MJ00D_390,"37,39,40,81,82,106,108,109,111,115,119,121,125,126,147,183,184,216,217,219"
MJ00D_391,"37,38,39,81,82,106,108,109,113,115,119,122,123,126,147,148,184,216,217,219"
MJ00D_40,"36,37,38,39,40,41,42,44,78,80,81,82,106,108,109,115"
MJ00D_43,"36,37,38,39,40,41,42,63,78,80,81,82,83,106,108,109"
MJ00D_47,"37,38,39,40,42,78,80,81,108,109"
MJ00D_52,"37,38,39,40,41,81,106,108,109,111,112,113,115,117,118,119,128,147,148,183,184,216,217"
MJ00D_53,"37,38,39,40,106,108,109,114,115,116,117,118,119,147,148,183,184,216,217,219"
MJ00D_55,"37,38,39,40,80,81,82,104,106,108,109,111,113,115,116,117,119,126,128,147,148,183,184,216,217,219"
MJ00D_57,"37,38,39,40,80,81,82,104,106,108,109,111,115,119,126,147,148,183,184,217,218,219"
MJ00D_64,"38,39,107,108,109,110,111,114,115,125,126"
MJ00D_78,"36,38,39,107,108,109,110,111,115,126"
MJ00D_88,"20,24,34,36,38,39,42,44,107,108,109,110,111,112,113,114,126,128,224"
MJ00D_94,"37,39,40,41,80,81,82,106,108,109,111,113,114,115,117,119,128,147,148,183,184,216,217,219"
MJ00D_98,"36,37,38,39,40,107,108,109,110,111,112,125,126"
