pdb_residue_id,msa_index,af3_residue_id
30,1,
31,2,
32,3,
33,4,1.0
34,5,2.0
35,6,3.0
36,7,4.0
37,8,5.0
38,9,6.0
39,10,7.0
40,11,8.0
41,12,9.0
42,13,10.0
43,14,11.0
44,15,12.0
45,16,13.0
46,17,14.0
47,18,15.0
48,19,16.0
49,20,17.0
50,21,18.0
51,22,19.0
52,23,20.0
53,24,21.0
54,25,22.0
55,26,23.0
56,27,24.0
57,28,25.0
58,29,26.0
59,30,27.0
60,31,28.0
61,32,29.0
62,33,30.0
63,34,31.0
64,35,32.0
65,36,33.0
66,37,34.0
67,38,35.0
68,39,36.0
69,40,37.0
70,41,38.0
71,42,39.0
72,43,40.0
73,44,41.0
74,45,42.0
75,46,43.0
76,47,44.0
77,48,45.0
78,49,46.0
79,50,47.0
80,51,48.0
81,52,49.0
82,53,50.0
83,54,51.0
84,55,52.0
85,56,53.0
86,57,54.0
87,58,55.0
88,59,56.0
89,60,57.0
90,61,58.0
91,62,59.0
92,63,60.0
93,64,61.0
94,65,62.0
95,66,63.0
96,67,64.0
97,68,65.0
98,69,66.0
99,70,67.0
100,71,68.0
101,72,69.0
102,73,70.0
103,74,71.0
104,75,72.0
105,76,73.0
106,77,74.0
107,78,75.0
108,79,76.0
109,80,77.0
110,81,78.0
111,82,79.0
112,83,80.0
113,84,81.0
114,85,82.0
115,86,83.0
116,87,84.0
117,88,85.0
118,89,86.0
119,90,87.0
120,91,88.0
121,92,89.0
122,93,90.0
123,94,91.0
124,95,92.0
125,96,93.0
126,97,94.0
127,98,95.0
128,99,96.0
129,100,97.0
130,101,98.0
131,102,99.0
132,103,100.0
133,104,101.0
134,105,102.0
135,106,103.0
136,107,104.0
137,108,105.0
138,109,106.0
139,110,107.0
140,111,108.0
141,112,109.0
142,113,110.0
143,114,111.0
144,115,112.0
145,116,113.0
146,117,114.0
