model_name,antigen_binding_sites_AF3,antigen_binding_sites_groundtruth
mj00b_0,"27,28,29,30,31,32,34,46,47,51,52,53,55,56,59,60,96,97,98,100",
mj00b_1,"30,32,34,36,41,43,44,45,46,53,55,56,57,94,96,97,99,100,101,102",
mj00b_107,"31,32,36,42,43,44,45,46,51,53,56,57,94,96,97,98,99,100,101,102,104",
mj00b_109,"32,36,38,41,42,43,44,46,49,51,52,53,56,57,59,90,94,96,99,100,101,102,104",
mj00b_115,"28,29,30,31,32,34,36,46,50,53,54,55,56,94,96,97,98,99,100,102,104",
mj00b_12,"30,32,34,36,44,46,53,55,56,90,94,96,98,99,100,101,102,103,104",
mj00b_122,"28,30,31,32,34,36,43,44,46,51,53,55,56,57,94,95,96,97,100,102,103,104",
mj00b_123,"32,34,36,43,44,46,51,53,55,56,92,94,96,100,102,103,104",
mj00b_129,"31,32,34,36,44,45,46,51,52,53,56,57,58,94,96,99,100,102",
mj00b_13,"30,31,32,34,36,43,44,45,46,51,53,54,55,56,57,94,96,97,99,100,102,104",
mj00b_130,"32,36,41,42,43,44,46,48,49,52,53,55,56,57,59,96,97,99,100,101,102,104",
mj00b_131,"31,32,36,42,43,44,46,52,53,54,55,56,57,92,96,98,99,100,101,102,104",
mj00b_135,"29,30,32,34,36,44,46,51,53,54,55,57,94,96,97,98,99,100,102,104",
mj00b_138,"30,32,34,50,51,52,54,55,57,94,96,97,98",
mj00b_151,"32,34,43,44,46,51,52,53,55,56,57,94,96,99,100,101,102,103,104",
mj00b_159,"29,30,31,32,36,44,45,46,53,54,55,56,59,94,96,100,102,104",
mj00b_164,"32,36,38,41,42,43,44,46,49,51,52,53,56,57,58,59,90,96,98,99,100,101,102,104,107",
mj00b_185,"32,36,38,41,42,43,44,46,49,51,53,56,57,90,94,96,100,102,104",
mj00b_189,"31,32,43,44,46,51,52,53,54,55,56,94,96,99,100,102",
mj00b_19,"32,43,45,46,49,51,52,53,54,55,56,57,58,94,96,98,99,100,102",
mj00b_191,"29,30,31,32,46,51,53,55,56,94,96,97,98,99,100,102",
mj00b_192,"30,31,32,34,36,43,44,45,46,51,55,56,57,94,96,97,100,102",
mj00b_2,"32,34,36,41,42,43,44,46,51,53,55,56,57,92,94,96,97,98,99,100,102,104",
mj00b_200,"31,32,34,36,39,40,41,43,44,45,46,51,52,53,54,55,56,57,58,59,94,96,100,102",
mj00b_204,"29,31,32,34,43,44,46,50,51,52,54,55,67,74,94,96,98,99,100,101,102,104",
mj00b_206,"30,31,32,34,36,43,44,45,46,51,52,53,54,55,56,57,94,96,97,100,102",
mj00b_207,"29,30,32,34,36,44,45,46,47,51,52,53,54,55,56,57,58,94,96,97,100",
mj00b_210,"32,34,36,38,43,44,45,46,53,55,90,94,96,97,98,99,100,101,102,103,104,107",
mj00b_212,"36,41,42,43,44,46,49,53,55,56,58,59,94,96,100,102,104",
mj00b_214,"30,32,34,36,43,44,46,49,50,51,53,56,57,59,90,94,96,97,98,100,101,102,104",
mj00b_215,"30,32,34,43,44,46,53,55,56,94,96,99,100,101,102,104",
mj00b_216,"26,28,30,32,51,52,54,55,94,95,96,97,98,99",
mj00b_219,"32,36,43,44,45,46,51,53,55,56,57,94,95,96,97,98,99,100,102",
mj00b_220,"29,30,31,32,34,36,43,44,46,49,51,53,55,56,57,90,94,95,96,97,98,100,102,104",
mj00b_224,"32,34,36,43,44,45,46,51,53,54,55,94,96,99,100,101,102",
mj00b_236,"29,30,32,34,36,44,46,51,52,53,54,55,56,57,94,96,97,99,102",
mj00b_239,"27,29,30,31,32,34,36,46,51,52,53,54,55,56,94,95,96,97,98,99,100,102",
mj00b_243,"28,29,30,31,32,50,51,52,54,55,67,96,97",
mj00b_247,"30,31,32,36,43,46,51,53,56,57,94,96,97,100,102,104",
mj00b_255,"32,34,46,55,56,57,94,96,97,98,99,100,101,102",
mj00b_256,"28,29,30,32,51,52,54,55,56,94,96,97,98,99,100,102",
mj00b_263,"32,34,46,53,55,57,94,96,97,98,99,100",
mj00b_267,"30,31,32,34,36,38,42,43,44,46,51,53,54,58,59,90,94,96,100,102,103,104,107",
mj00b_268,"30,31,32,34,46,47,48,49,51,52,53,54,56,61,94,96,102",
mj00b_271,"36,44,94,98,99,100,101,102",
mj00b_273,"30,31,32,34,36,46,50,51,52,53,54,55,57,74,94,96,98,99,100,101,102",
mj00b_278,"32,36,43,44,45,46,53,54,55,56,57,58,59,94,96,99,100",
mj00b_284,"32,36,43,44,45,46,51,53,55,56,57,94,96,99,100,102,104",
mj00b_293,"32,34,36,43,44,45,46,47,49,50,51,56,59,60,90,94,96,97,99,100,101,102,103,104,107",
mj00b_296,"29,30,31,32,51,52,53,54,55,57,94,96,97,98,99",
mj00b_30,"26,28,29,30,32,50,51,52,54,55,67,94,96,97,98,100",
mj00b_300,"30,32,34,46,49,51,52,53,54,55,56,57,94,96,100,102",
mj00b_303,"34,36,39,40,41,42,43,44,45,46,55,56,57,94,96,100,101,102,104",
mj00b_309,"30,32,34,36,38,43,44,46,49,51,53,55,56,59,90,94,95,96,99,100,102,104",
mj00b_310,"30,31,32,34,36,43,44,45,46,51,53,56,57,59,90,94,96,97,98,100,101,102,104",
mj00b_315,"27,28,29,30,31,32,34,51,52,53,54,94,96,97,98,99,100,102",
mj00b_318,"29,30,32,34,36,44,46,51,53,54,55,56,57,58,92,94,96,100,102,104",
mj00b_322,"27,28,29,30,31,32,34,36,50,51,55,67,69,74,92,94,96,98,99,100,102",
mj00b_325,"28,29,30,31,32,34,36,44,46,51,52,53,54,55,57,94,96,97,98,100,102,104",
mj00b_329,"32,34,36,38,42,43,44,46,53,92,94,96,98,99,100,101,102,103,104,107",
mj00b_331,"32,34,36,43,44,45,46,49,51,53,56,57,59,94,96,97,100,102,104",
mj00b_343,"28,29,30,32,34,36,43,46,51,53,55,56,94,96,97,98,99,100,102",
mj00b_351,"28,29,32,34,36,44,46,94,96,97,98,99,100,101,102,104",
mj00b_355,"28,29,30,31,32,50,51,54,96,97",
mj00b_356,"24,26,27,30,31,32,33,34,43,44,46,50,51,52,54,55,56,67,74,94,95,96,97,98,99,100,101,102,104",
mj00b_36,"32,34,36,44,46,49,53,54,55,57,90,94,96,98,99,100,101,102,103,104",
mj00b_364,"30,31,32,36,44,46,49,51,53,54,55,56,57,94,96,97,100,102,104",
mj00b_366,"32,34,36,43,44,46,53,55,56,92,94,95,96,99,100,101,102,103,104",
mj00b_369,"29,30,32,34,36,43,44,45,46,51,53,54,55,56,57,92,94,96,99,100,102,103,104",
mj00b_376,"28,29,31,32,34,36,44,46,49,51,53,54,55,56,57,94,96,100,102,104",
mj00b_378,"24,26,27,28,29,30,31,50,67,68,69,71,95,97,98,101",
mj00b_390,"29,30,32,34,36,46,53,56,57,94,96,97,98,99,100,102",
mj00b_394,"28,29,30,32,36,45,46,51,52,53,54,94,95,96,97,98,99,100",
mj00b_4,"24,27,28,29,30,31,32,34,46,49,51,53,55,56,93,94,95,96,97,98,99,100,101,103",
mj00b_40,"32,34,36,42,43,44,46,53,55,90,94,96,98,99,100,101,102,104,107",
mj00b_400,"30,32,34,44,46,51,52,53,54,55,57,58,94,96,97,98,99,100,101,102,104",
mj00b_402,"32,34,36,43,44,45,46,51,53,55,56,57,94,96,98,99,100,102,104,107",
mj00b_41,"30,32,43,46,51,52,53,54,55,56,57,94,96,97,98,99,100,102",
mj00b_417,"27,28,29,30,31,32,34,36,46,51,53,54,55,94,96,97,98,99,100,101,102",
mj00b_418,"32,34,36,41,42,43,44,46,48,49,51,52,53,56,59,90,92,94,96,100,102,104",
mj00b_419,"30,32,34,36,45,46,51,52,53,54,55,56,57,59,94,96,99,100,102",
mj00b_427,"29,30,32,34,36,44,46,51,53,55,56,57,58,94,96,97,100,102",
mj00b_431,"39,40,41,43,44,45,46,53,56,57,58,94,96,99,100,102,104",
mj00b_433,"32,34,36,38,42,43,44,46,49,51,53,55,56,57,90,94,96,99,100,101,102,103,104,107",
mj00b_435,"32,34,36,43,44,46,48,49,51,53,54,56,59,92,94,96,98,99,100,102,103,104,107",
mj00b_440,"29,30,31,32,34,36,38,42,43,44,46,51,53,55,56,92,94,96,97,98,99,100,102,104",
mj00b_441,"32,34,36,44,46,53,55,90,92,94,96,99,100,101,102,103,104",
mj00b_444,"29,30,32,36,38,42,43,44,45,46,47,48,51,53,54,56,59,90,96,97,98,99,100,101,102,104",
mj00b_446,"30,32,34,36,43,44,46,51,53,55,56,90,94,96,97,99,100,101,102,104",
mj00b_447,"30,31,32,34,36,43,44,46,51,53,54,55,56,94,96,99,100,102,103,104",
mj00b_450,"32,34,36,37,43,44,45,46,47,51,53,54,55,57,58,59,63,94,96,98,100,102",
mj00b_455,"29,30,32,34,36,44,46,51,53,56,57,59,94,96,97,98,100,101,102",
mj00b_457,"30,32,34,36,44,45,46,51,52,53,54,55,56,57,58,94,96,97,98,99,100,102",
mj00b_463,"31,32,36,38,41,42,43,44,46,49,51,53,55,56,57,90,94,96,100,102,104,107",
mj00b_466,"29,30,31,32,46,50,51,52,53,54,55,69,94,96,100,102",
mj00b_474,"30,32,34,36,43,44,45,46,49,51,52,53,54,55,56,57,94,96,97,100,102,104",
mj00b_475,"30,32,34,36,38,42,43,44,45,46,51,53,55,56,90,92,94,96,97,100,102,104,107",
mj00b_478,"32,36,44,45,46,53,54,55,56,57,58,60,94,96,100",
mj00b_481,"30,32,46,49,51,52,53,54,55,57,58,94,96,97,98,100,102",
mj00b_489,"26,27,28,30,31,32,34,46,51,53,55,94,96,97,98,100",
mj00b_49,"34,36,43,44,46,57,98,99,100,101,102,104,107",
mj00b_495,"32,36,43,44,46,51,54,55,57,96,100,102",
mj00b_50,"34,36,46,56,94,96,98,99,100,101,102,104",
mj00b_500,"30,32,34,36,46,51,52,53,54,55,94,96,97,98,99,100,101,102,103",
mj00b_504,"32,34,46,51,53,54,55,56,57,59,94,96,97,98,100,102",
mj00b_506,"32,34,36,43,44,45,46,49,53,54,55,56,94,96,97,102,104",
mj00b_508,"27,28,29,30,32,34,36,46,49,51,53,54,55,94,95,96,97,98,99,100,102",
mj00b_512,"30,31,32,34,36,44,46,49,51,55,56,90,92,94,96,97,98,99,100,102,104",
mj00b_513,"30,31,32,34,46,53,56,94,96,98,99,100,102,104",
mj00b_515,"32,34,36,43,44,45,46,52,54,55,56,57,92,94,96,97,98,99,100,101,102,104",
mj00b_516,"30,32,34,36,38,42,43,44,46,49,51,53,54,55,90,94,96,99,100,102,104,107",
mj00b_517,"30,31,32,36,43,44,45,46,51,54,55,56,57,58,90,94,96,100,102,104,107",
mj00b_52,"30,32,34,36,42,44,46,49,51,53,55,90,92,94,96,97,99,100,101,102,103,104,107",
mj00b_520,"28,29,30,31,32,34,36,46,50,51,53,94,96,97,98,99,100,102",
mj00b_521,"30,32,34,36,38,44,46,49,51,52,53,54,55,57,90,94,96,99,100,102,104",
mj00b_525,"28,29,30,31,32,34,36,46,51,52,54,94,96,97,98,99,100,102",
mj00b_526,"27,29,30,31,32,34,36,43,44,46,50,51,52,53,54,55,57,94,96,97,98,99,100,101,102,104",
mj00b_528,"30,32,34,36,44,45,46,51,53,54,55,56,57,94,96,97,99,100,102",
mj00b_532,"32,43,45,46,52,53,54,55,56,57,59,60,94,96,97,100",
mj00b_533,"30,32,46,49,51,53,54,55,56,94,96,100,102",
mj00b_536,"32,34,43,46,49,53,55,56,94,96,97,98,99,100,101,102,104",
mj00b_537,"30,32,46,51,52,53,54,55,57,58,96,97,98",
mj00b_540,"29,30,31,32,34,36,46,50,51,52,53,54,56,57,59,60,94,96,100,102",
mj00b_543,"34,36,43,94,96,98,99,100,101,102,103,104",
mj00b_545,"32,34,36,43,45,46,55,56,94,96,98,99,100,102",
mj00b_547,"29,30,31,32,46,51,53,54,55,57,94,96,97,98,99,100,102",
mj00b_55,"32,34,36,43,44,46,53,55,57,92,94,96,97,98,100,102,103,104",
mj00b_552,"28,30,31,32,50,51,52,54,55,56,67,96,97",
mj00b_553,"29,30,32,34,36,44,46,49,51,53,54,55,94,95,96,97,98,99,100,102",
mj00b_557,"30,32,36,43,44,45,46,51,52,53,54,55,96,98,99,100",
mj00b_563,"29,30,31,32,34,36,46,50,51,53,54,55,56,94,95,96,97,98,100,101,102",
mj00b_568,"32,34,36,43,44,46,49,51,52,53,56,59,94,96,98,99,100,101,102,103,104",
mj00b_570,"29,30,32,34,36,38,42,44,46,53,54,55,56,90,94,96,97,98,99,100,101,102,104,107",
mj00b_571,"32,46,49,51,52,53,54,55,56,57,58,96",
mj00b_572,"32,36,38,42,43,44,46,49,51,53,55,56,57,90,94,96,99,100,101,102,103,104,107",
mj00b_574,"31,32,36,43,44,46,53,55,56,57,94,96,97,98,100,102,104",
mj00b_575,"31,32,36,38,41,43,44,46,48,49,50,51,56,57,58,59,90,94,96,99,100,102,104,107",
mj00b_59,"29,32,34,36,46,51,52,53,54,55,56,57,58,94,96,98,99,100,102,104",
mj00b_62,"32,45,46,51,52,53,54,55,57,94,96,100",
mj00b_63,"29,30,31,32,34,43,46,49,51,53,55,56,57,94,96,97,99,100,102",
mj00b_64,"26,28,29,30,31,32,36,44,46,51,53,55,56,67,94,96,97,98,99,100,102,104",
mj00b_67,"26,27,28,30,32,34,46,51,53,55,56,94,95,96,97,98,99,100,102",
mj00b_69,"27,28,29,30,32,34,46,51,52,53,54,94,95,96,97,98,99,100,102",
mj00b_70,"27,28,29,30,32,34,36,46,49,51,53,54,55,56,94,95,96,97,98,99,100,102",
mj00b_72,"2,31,32,36,42,43,44,46,49,50,51,53,54,55,94,95,96,98,99,100,101,102,103,104,107",
mj00b_75,"34,36,44,46,54,55,94,96,98,99,100,102,104",
mj00b_8,"27,29,30,31,32,34,36,43,44,46,49,50,51,53,54,56,90,92,94,96,97,98,99,100,101,102,104",
mj00b_83,"30,32,34,36,43,44,45,46,49,51,53,55,56,57,94,96,100,102",
mj00b_84,"29,30,31,32,33,46,50,51,53,66,67,74,94,96,100",
mj00b_85,"32,34,36,44,46,51,53,56,94,96,97,98,99,100,101,102,103,104,107",
mj00b_86,"32,41,42,43,44,45,46,49,51,53,55,94,96,99,100,101,102,103,104",
mj00b_9,"29,30,31,32,34,36,43,44,45,46,49,51,53,54,55,56,57,90,94,96,97,100,102,104",
mj00b_98,"32,34,36,39,40,41,43,44,45,46,56,57,58,94,96,100,102,104",
